Workbook
Name Access: [1]Validation!$E$2:$E$223
Name AccessCircuit: [1]Validation!$C$2:$C$29
Name ACTION: #REF!
Name CoS: [1]Validation!$G$2:$G$47
Name Countries: [1]Validation!$A$2:$A$301
Name DSLCheckService: [1]Validation!$H$2:$H$4
Name Port: [1]Validation!$F$2:$F$40
Name VancoProducts: [1]Validation!$B$2:$B$4

Sheet Test Cover
B2: TEST COVER
B3: Version: | C3: 0.1
B4: Updated date: | C4: 46221
B5: Project: | C5: AI IT Job Market Consultant
B7: Revision History:
B8: Effective date | C8: Version | D8: Module | E8: Description | F8: Publisher | G8: Reviewer | H8: Source of reference
B9: 46095 | C9: 0.1 | D9: test-case-report.xlsx | E9: Test report template initiation | F9: V. T. Thanh | G9: V. T. Thanh

Sheet Test User Module
A1: TEST CASE
A3: Project: | B3: AI IT Job Market Consultant
A4: Module: | B4: User module
A5: Test environment: | B5: Postman và Selenium
A6: Pass | B6: =COUNTIFS(J12:J200, "Pass", A12:A200, "<>*AI") -> 0 | C6: AI Pass | D6: =COUNTIF(L13:L200,"Pass") -> 0 | E6: Pending | F6: =COUNTIFS(J12:J200, "Pending", A12:A200, "<>*AI") -> 0
A7: Fail | B7: =COUNTIFS(J12:J200, "Fail", A12:A200, "<>*AI") -> 0 | C7: AI Fail | D7: =COUNTIF(L12:L200,"Fail") -> 0 | E7: Total test case | F7: =COUNTIF(A12:A200, "TC*") -> 0
A9: Test case ID | B9: Test case name | C9: Test case procedure | D9: Expected results | H9: Actual results | I9: Test date | J9: Status | K9: AI test results | L9: AI Status | M9: Source of reference | N9: Note

Sheet Test Temp Module
A1: TEST CASE
A3: Project: | B3: AI IT Job Market Consultant
A4: Module: | B4: Temp
A5: Test environment: | B5: Postman và Selenium
A6: Pass | B6: =COUNTIFS(J12:J200, "Pass", A12:A200, "<>*AI") -> 0 | C6: AI Pass | D6: =COUNTIF(L13:L200,"Pass") -> 0 | E6: Pending | F6: =COUNTIFS(J12:J200, "Pending", A12:A200, "<>*AI") -> 0
A7: Fail | B7: =COUNTIFS(J12:J200, "Fail", A12:A200, "<>*AI") -> 0 | C7: AI Fail | D7: =COUNTIF(L12:L200,"Fail") -> 0 | E7: Total test case | F7: =COUNTIF(A12:A200, "TC*") -> 0
A9: Test case ID | B9: Test case name | C9: Test case procedure | D9: Expected results | H9: Actual results | I9: Test date | J9: Status | K9: AI test results | L9: AI Status | M9: Source of reference | N9: Note

Sheet System Test 
A1: TEST CASE
A3: Project: | B3: AI IT Job Market Consultant
A4: Module: | B4: System test
A5: Test environment: | B5: Postman và Selenium
A6: Pass | B6: =COUNTIFS(J12:J200, "Pass", A12:A200, "<>*AI") -> 0 | C6: AI Pass | D6: =COUNTIF(L13:L200,"Pass") -> 0 | E6: Pending | F6: =COUNTIFS(J12:J200, "Pending", A12:A200, "<>*AI") -> 0
A7: Fail | B7: =COUNTIFS(J12:J200, "Fail", A12:A200, "<>*AI") -> 0 | C7: AI Fail | D7: =COUNTIF(L12:L200,"Fail") -> 0 | E7: Total test case | F7: =COUNTIF(A12:A200, "TC*") -> 0
A9: Test case ID | B9: Test case name | C9: Test case procedure | D9: Expected results | H9: Actual results | I9: Test date | J9: Status | K9: AI test results | L9: AI Status | M9: Source of reference | N9: Note

Sheet Test case report
B2: TEST CASE REPORT
B3: Summary | C3: This is a report template
B4: Updated date | C4: 46221
B5: Number of failed cases | C5: =COUNTIF('Test User Module'!$N$1:$N$200, "*Fail*") + COUNTIF('Test User Module'!$N$1:$N$200, "*Fail*") + COUNTIF('System Test '!$N$1:$N$200, "*Fail*") -> 0
B6: Source of reference
B9: Ordinal number | C9: Module | D9: Pass | E9: Fail | F9: Pending | G9: AI Pass | H9: AI Fail | I9: AI Pending | J9: Case before AI | K9: Case after AI
B10: 1 | C10: ='Test User Module'!B4 -> User module | D10: ='Test User Module'!$B$6 -> 0 | E10: ='Test User Module'!B7 -> 0 | F10: ='Test User Module'!F6 -> 0 | G10: ='Test User Module'!$D$6 -> 0 | H10: ='Test User Module'!$D$7 -> 0 | I10: =COUNTIF('Test User Module'!$L$9:$L$290,"Pending") -> 0 | J10: =COUNTIFS('Test User Module'!A9:A200, "TC*", 'Test User Module'!A9:A200, "<>*AI") -> 0 | K10: ='Test User Module'!$F$7 -> 0
B11: 2 | C11: ='Test Temp Module'!B4 -> Temp | D11: ='Test Temp Module'!B6 -> 0 | E11: ='Test Temp Module'!B7 -> 0 | F11: ='Test Temp Module'!F6 -> 0 | G11: ='Test Temp Module'!$D$6 -> 0 | H11: ='Test Temp Module'!$D$7 -> 0 | I11: =COUNTIF('Test Temp Module'!$L$9:$L$292,"Pending") -> 0 | J11: =COUNTIFS('Test Temp Module'!A9:A200, "TC*", 'Test Temp Module'!A9:A200, "<>*AI") -> 0 | K11: ='Test Temp Module'!$F$7 -> 0
B12: 3 | C12: ='System Test '!B4 -> System test | D12: ='System Test '!B6 -> 0 | E12: ='System Test '!B7 -> 0 | F12: ='System Test '!F6 -> 0 | G12: ='System Test '!$D$6 -> 0 | H12: ='System Test '!$D$7 -> 0 | I12: =COUNTIF('System Test '!$L$13:$L$200,"Pending") -> 0 | J12: =COUNTIFS('System Test '!A9:A200, "TC*", 'System Test '!A9:A200, "<>*AI") -> 0 | K12: ='System Test '!$F$7 -> 0
C13: Total test case | D13: =SUM(D6:D12) -> 0 | E13: =SUM(E6:E12) -> 0 | F13: =SUM(F6:F12) -> 0 | G13: =SUM(G6:G12) -> 0 | H13: =SUM(H6:H12) -> 0 | I13: =SUM(I6:I12) -> 0 | J13: =SUM(J6:J12) -> 0 | K13: =SUM(K6:K12) -> 0
B16: Ordinal number | C16: Coverage | D16: Tester | E16: AI
B17: 1 | D17: =ROUND((($D$13+$E$13)*100/$J$13)/100, 2) -> #DIV/0! | E17: -
B18: 2 | D18: =ROUND((($D$13)*100/$J$13)/100, 2) -> #DIV/0! | E18: -
B19: 3 | D19: =ROUND((($D$13+$E$13)*100/$K$13)/100, 2) -> #DIV/0! | E19: =ROUND((($G$13+$H$13)*100/$K$13)/100, 2) -> #DIV/0!
B20: 4 | D20: =ROUND((($D$13)*100/$K$13)/100, 2) -> #DIV/0! | E20: =ROUND(($G$13*100/$K$13)/100, 2) -> #DIV/0!
